<addon id="plugin.video.myptv"
       name="My TS Stream Addon"
       version="1.0.0"
       provider-name="You">
  <requires>
    <import addon="xbmc.python" version="3.0.0"/>
  </requires>

  <extension point="xbmc.python.pluginsource" library="main.py">
    <provides>video</provides>
  </extension>

  <extension point="xbmc.addon.metadata">
    <summary>TS Stream Test Addon</summary>
    <description>Test addon for category → stream → TS playback</description>
    <platform>all</platform>
  </extension>
</addon>